"id","epic","phase","size","title","description","deps","files","acceptance","verify","notes","labels"
"P0-001","EPIC-P0-INFRA","","S","Инициализация git-репозитория и базовых файлов","Создать репозиторий new-universe на GitHub, добавить README, LICENSE (MIT), .gitignore (Node + Docker), .editorconfig, базовый .github/CODEOWNERS.","","README.md | LICENSE | .gitignore | .editorconfig | .github/CODEOWNERS","Репозиторий доступен по https://github.com/anry88/new-universe | README содержит описание проекта в 3-5 предложений и ссылку на GDD | .gitignore исключает node_modules, .env, dist, .DS_Store | Главная ветка main, защищена от прямых пушей","git clone https://github.com/anry88/new-universe и `ls -la` показывает все файлы","GDD-документы скопировать в /docs из текущей папки New Universe.",""
"P0-002","EPIC-P0-INFRA","","M","Docker compose локальное dev-окружение","Перенести dev/docker-compose.yml, dev/.env.example, dev/backend/Dockerfile, dev/frontend/Dockerfile, dev/README.md из текущей папки в репозиторий. Проверить, что docker compose up -d поднимает postgres + redis (backend и frontend будут добавлены позже).","P0-001","docker-compose.yml | .env.example | README.md (в корне)","`docker compose up -d postgres redis` запускается без ошибок | `docker compose logs postgres` показывает healthy state | `docker compose exec postgres psql -U nu -d new_universe -c ""SELECT 1""` отвечает 1","Команды из dev/README.md работают","Порт 5432 не должен конфликтовать с локально установленным Postgres (если есть — поменять порт в .env).",""
"P0-003","EPIC-P0-INFRA","","M","Backend skeleton — Fastify + TS","Создать backend/ с минимальным Fastify-приложением: GET /health, структурированное логирование через Pino, чтение env через dotenv + Zod-валидация. Запуск через docker compose up backend.","P0-002","backend/src/index.ts | backend/src/lib/env.ts | backend/src/lib/logger.ts | backend/src/routes/health.ts | backend/tsconfig.json","GET /health возвращает {""status"":""ok"",""ts"":...} | Логи в JSON-формате, в dev — pino-pretty | Сервер падает на старте, если в .env отсутствует обязательная переменная","curl http://localhost:3000/health → 200 ok","Fastify v5, TypeScript strict, ES modules.",""
"P0-004","EPIC-P0-INFRA","","M","Frontend skeleton — Vite + React + TMA SDK","Создать frontend/ с минимальным React-приложением, инициализацией Telegram WebApp SDK, Tailwind CSS, страницей ""Hello, {username}"". Запуск через docker compose up frontend.","P0-002","frontend/src/main.tsx | frontend/src/App.tsx | frontend/index.html | frontend/vite.config.ts | frontend/tailwind.config.ts | frontend/src/index.css","http://localhost:5173 отдаёт страницу с приветствием | При запуске внутри Telegram — берёт username из initData | Поддерживается dark/light тема Telegram | Tailwind CSS работает (классы применяются)","docker compose up frontend → открыть http://localhost:5173 → отображается страница","Использовать @telegram-apps/sdk-react. Если запущено НЕ из Telegram — использовать заглушку user=""DevUser"".",""
"P0-005","EPIC-P0-INFRA","","S","Drizzle ORM + миграции","Установить drizzle-orm + drizzle-kit. Настроить drizzle.config.ts. Создать пустую schema.ts. Команды npm run db:migrate, db:generate, db:studio должны работать.","P0-003","backend/drizzle.config.ts | backend/src/db/index.ts | backend/src/db/schema.ts | backend/src/db/migrations/.gitkeep","`npm run db:generate` создаёт миграцию из изменений schema.ts | `npm run db:migrate` накатывает миграции на dev БД | `npm run db:studio` запускает Drizzle Studio на http://localhost:4983","`npm run db:migrate` без ошибок, `\dt` в psql показывает только пустые системные таблицы","—",""
"P0-006","EPIC-P0-INFRA","","M","GitHub Actions CI","Workflow .github/workflows/ci.yml: на каждый PR — lint, type-check, тесты для backend и frontend. Использовать docker compose для прогона. Кэшировать node_modules.","P0-003 | P0-004",".github/workflows/ci.yml","PR на main → запускается workflow | Workflow проходит на ~3-5 минут | Падение тестов блокирует merge","Создать PR с заведомо проходящими тестами → CI зелёный","Использовать pnpm если в проекте pnpm, иначе npm. Кэширование через actions/cache.",""
"P0-007","EPIC-P0-INFRA","","S","Sentry интеграция","Создать 2 проекта в Sentry (free tier): new-universe-backend, new-universe-tma. Подключить в код через @sentry/node и @sentry/react. DSN в .env.","P0-003 | P0-004","backend/src/lib/sentry.ts | frontend/src/lib/sentry.ts","Тестовая ошибка на бэкенде попадает в Sentry | Тестовая ошибка на фронте попадает в Sentry | В Sentry привязаны git releases","GET /debug-sentry → видно ошибку в Sentry UI","Эндпоинт /debug-sentry убрать после тестирования.",""
"P0-008","EPIC-P0-INFRA","","S","Структурированное логирование","Все логи бэкенда — через Pino, в JSON. Поля: ts, level, msg, requestId, userId (если есть), feature.","P0-003","backend/src/lib/logger.ts | backend/src/middleware/request-id.ts","Каждый HTTP-запрос логируется со своим requestId (генерируется через uuid v4) | Логи в dev — через pino-pretty, читаемые в терминале | Логи в проде — pure JSON, готовы для BetterStack/Logtail","Сделать запрос → в логах видно requestId","—",""
"P0-009","EPIC-P0-INFRA","","S","Vitest + первый smoke-тест","Подключить vitest. Написать smoke-тест для GET /health.","P0-003","backend/vitest.config.ts | backend/src/routes/health.test.ts","`npm test` запускает vitest и проходит | Тест проверяет, что /health возвращает 200 и {status:""ok""}","`docker compose exec backend npm test` зелёный","—",""
"P0-010","EPIC-P0-INFRA","","M","Telegram-бот через @BotFather + dev webhook","Создать тестового бота через @BotFather (имя NewUniverseDevBot). Получить токен. Настроить dev-webhook через cloudflared tunnel. Документировать процесс в dev/README.md.","P0-003","dev/TELEGRAM_SETUP.md","Бот существует в Telegram | TELEGRAM_BOT_TOKEN записан в личные заметки разработчика (НЕ в репо!) | Webhook URL настроен через @BotFather → /setwebhook | Тестовое сообщение боту → попадает в backend log","Отправить /start боту → видно в логах backend","Описать в TELEGRAM_SETUP.md шаги: создание бота, получение токена, настройка туннеля. Токен хранить ТОЛЬКО в .env (gitignored).",""
"P1-101","EPIC-P1-DB","","S","Таблица users","Создать таблицу users в schema.ts: id (uuid), tg_id (bigint unique), tg_username, tg_first_name, created_at, premium_until, power_score (default 0). Сгенерировать и применить миграцию.","P0-005","backend/src/db/schema/users.ts | backend/src/db/migrations/0001_users.sql (auto-generated)","Таблица users создана со всеми полями | Индекс по tg_id (unique) | Миграция в backend/src/db/migrations/","`\d users` в psql показывает все поля","Использовать drizzle pgTable. Импортировать в src/db/schema.ts.",""
"P1-102","EPIC-P1-DB","","S","Каталог ресурсов: таблица resources + сидер","Таблица resources: id (slug, primary key), name (json: ru/en), tier (1-4), symbol, base_regen_rate, default_storage_cap. Сидер заполняет 13 ресурсов (см. addendum + GDD).","P1-101","backend/src/db/schema/resources.ts | backend/src/db/seed/resources.ts","Таблица resources заполнена 13 записями: water, iron, carbon, silicon, methane, copper, aluminum, titanium, ice, mercury, magnesium, lead, tritium | `npm run db:seed` идемпотентен (можно запускать повторно) | Каждая запись имеет ru/en название","`SELECT count(*) FROM resources` → 13","Tritium — новый ресурс (см. addendum §3.6). Tier 3 минор, нужен для прыжкового топлива.",""
"P1-103","EPIC-P1-DB","","M","Планеты, planet_resources, richness","Таблицы: systems (id, owner_id nullable, is_home, sector_x/y/z, name, seed), planets (id, system_id, biome, size, slot_count, name), planet_resources (planet_id, resource_id, amount, last_update_at, regen_rate), richness (planet_id, resource_id, value 0..5).","P1-102","backend/src/db/schema/world.ts | backend/src/db/migrations/...sql","Все 4 таблицы созданы | Внешние ключи: planets.system_id → systems.id, planet_resources/richness → planets/resources | Индексы: planets.system_id, planet_resources(planet_id, resource_id) unique","Миграция применена, `\d planets` показывает поля","is_home_system флаг будет использоваться для блокировки чужих обращений к домашней системе.",""
"P1-104","EPIC-P1-DB","","M","building_types (catalog) + buildings (instances)","building_types: id (slug), name (json), category, max_level, deps (jsonb массив зависимостей), base_cost (jsonb), base_time_sec, base_output (jsonb), energy_consumption.
buildings: id, planet_id, type_id, level, queue_action (build|upgrade|null), queue_completes_at.
Сидер заполняет 10 базовых типов из GDD §5.","P1-103","backend/src/db/schema/buildings.ts | backend/src/db/seed/building-types.ts","Таблицы созданы | Сидер заполняет building_types: command_center, mine, drill, storage, smelter, spaceport, shipyard, lab, cryo_factory, solar_plant | Стоимости и времена соответствуют GDD","`SELECT slug FROM building_types ORDER BY slug` → 10 строк","cryo_factory — новое здание из addendum (для лёд⇄вода).",""
"P1-105","EPIC-P1-DB","","M","ship_types + ships","ship_types: id (slug), name, role, hp, speed, cargo, dps, armor, fuel_consumption, build_time_sec, build_cost (jsonb), required_buildings, sensor_range.
ships: id, owner_id, type_id, location_planet_id (nullable), status (idle|moving|building), cargo_json, fuel.
Сидер заполняет 5 типов: scout, cargo_light, colonizer, recon_probe, jump_ship.","P1-103","backend/src/db/schema/ships.ts | backend/src/db/seed/ship-types.ts","Таблицы созданы | Сидер: 5 ship_types (Scout, Cargo Light, Colonizer, Recon Probe, Jump Ship) | Поле sensor_range заполнено (Scout=30, Recon=60, Cargo=8 и т.д.)","`SELECT slug, sensor_range FROM ship_types`","Jump Ship — новый тип из addendum, требует Engines lvl 3 + Jump Drive.",""
"P1-106","EPIC-P1-DB","","S","research, research_progress","research_branches (catalog: mining, engineering, engines, weapons, sensors, logistics, jump_drive). research_progress (user_id, branch, level, completes_at).","P1-101","backend/src/db/schema/research.ts | backend/src/db/seed/research-branches.ts","Таблицы созданы | Сидер заполняет 7 веток (включая jump_drive из addendum)","`SELECT * FROM research_branches`","—",""
"P1-107","EPIC-P1-DB","","M","expeditions","expeditions: id, ship_id, type (scout|cargo|colonize|jump), origin_planet_id, target_x/y/z, target_planet_id (nullable), status (queued|in_flight|arrived|returning|completed|failed), eta, returned_at, result (jsonb).","P1-105","backend/src/db/schema/expeditions.ts","Таблица создана | Индексы по eta + status (для быстрого poll-а воркером)","Миграция применена","—",""
"P1-108","EPIC-P1-DB","","S","discovered_planets, discovered_systems (per-player)","Таблицы для per-player видимости (см. addendum §3.4). discovered_planets (user_id, planet_id, discovered_at). discovered_systems (user_id, system_id, discovered_at). Уникальный индекс (user_id, planet_id) / (user_id, system_id).","P1-103","backend/src/db/schema/discovery.ts","Таблицы созданы | Индексы корректные","Миграция применена","Все API, возвращающие планеты/системы, должны фильтровать через JOIN с этими таблицами.",""
"P1-120","EPIC-P1-AUTH","","M","Telegram initData валидация","Middleware, проверяющий заголовок X-Telegram-Init-Data: HMAC по boilerplate Telegram. Парсит user_id, username из строки. Если валидно — кладёт в request.user.","P0-008","backend/src/middleware/telegram-auth.ts | backend/src/lib/telegram.ts | backend/src/middleware/telegram-auth.test.ts","Корректный initData (от реального Telegram) → middleware пропускает | Истёкший initData (auth_date > 1 час) → 401 | Подделанный hash → 401 | Без заголовка → 401","Unit-тест проходит","Использовать алгоритм из официальной документации: https://core.telegram.org/bots/webapps#validating-data-received-via-the-mini-app",""
"P1-121","EPIC-P1-AUTH","","M","POST /auth/telegram → создание/получение пользователя","Эндпоинт принимает валидированный initData (через middleware). Если user с tg_id не существует — создаёт + триггерит P1-141 (генерация Home System). Возвращает JWT-сессию (httpOnly cookie + body).","P1-120 | P1-141","backend/src/features/auth/routes.ts | backend/src/features/auth/service.ts | backend/src/features/auth/auth.test.ts","Первый запрос с новым tg_id → создаёт user + home system | Второй запрос с тем же tg_id → возвращает existing user | Возвращает session token, который можно использовать в Authorization header","curl с тестовым initData → возвращает 200 + token","JWT secret из .env. Срок жизни 30 дней.",""
"P1-122","EPIC-P1-AUTH","","S","GET /me → состояние игрока","Возвращает: текущий user, домашняя система, открытые планеты, корабли, очереди стройки, ресурсы (с актуальным lazy-compute), исследования.","P1-121 | P1-141","backend/src/features/me/routes.ts | backend/src/features/me/service.ts","Без авторизации → 401 | С авторизацией → 200 с полным state в JSON | Время ответа ≤ 200 мс при нормальной нагрузке","Интеграционный тест: создать user → GET /me → видеть Home System","Это основной ""single source of truth"" для frontend. Должен возвращать минимально необходимое.",""
"P1-141","EPIC-P1-WORLD","","L","Генерация Home System","Сервис generateHomeSystem(userId): создаёт систему + 4-7 планет с детерминированным seed = hash(userId, server_secret). Гарантирует, что 1 планета имеет все 5 базовых ресурсов, 1 планета содержит Tritium с низким richness. Все планеты НЕ открыты (discovered_planets — пусто, кроме стартовой).","P1-103 | P1-102","backend/src/features/world/home-system-generator.ts | backend/src/features/world/biomes.ts | backend/src/features/world/home-system-generator.test.ts","Вызов с одним userId всегда возвращает одну и ту же планетарную систему | 5 базовых ресурсов гарантированно присутствуют | 1 планета имеет Tritium с richness 0.3-0.8 | Стартовая планета (CommandCenter lvl 1) добавлена в discovered_planets | Tier 3 (кроме Tritium) и Tier 4 ресурсы ОТСУТСТВУЮТ в Home System","Unit-тест: дважды генерируем home system для userId=1 → результаты идентичны","Использовать seedrandom или собственный детерминированный PRNG. Биомы из GDD §4.2.",""
"P1-142","EPIC-P1-WORLD","","M","Sectors — структура общего пула","Таблица sectors: id (composite x,y,z), seed, generated_at, system_count. Сервис getOrCreateSector(x,y,z): возвращает существующий или создаёт пустой. Используется при первом обращении из jump.","P1-103","backend/src/db/schema/sectors.ts | backend/src/features/world/sectors.ts","getOrCreateSector(0,0,0) → создаёт запись если нет | Повторный вызов возвращает existing | Seed детерминированный","Unit-тест: getOrCreateSector(1,2,3) дважды → одна запись в БД","Размер сектора 500×500×500 (см. addendum §3.7).",""
"P1-143","EPIC-P1-WORLD","","L","Lazy generation систем в секторе","Сервис generateSystemsInSector(sector, target_count=5): создаёт недостающие системы рандомно в координатах сектора. Использует seed сектора. Не превышает 12 систем.","P1-142 | P1-141","backend/src/features/world/sector-generator.ts | backend/src/features/world/sector-generator.test.ts","Если в секторе уже 5 систем — ничего не делает | Если 0 — генерирует 5 систем | Координаты систем не пересекаются (мин. дистанция 50 ед) | Биомы планет в системах распределены по весам из GDD","Тест: для пустого сектора генерируется 5 систем; повторный вызов не добавляет","Системы в общем пуле — owner_id=null, is_home_system=false.",""
"P1-144","EPIC-P1-WORLD","","M","Visibility check service","Сервис checkVisibility(ship): берёт текущую позицию корабля, ищет невидимые игроку планеты/системы в радиусе ship.sensor_range. Если найдены — добавляет в discovered_planets/discovered_systems и возвращает массив новых открытий (для пушей).","P1-108 | P1-105","backend/src/features/world/visibility.ts | backend/src/features/world/visibility.test.ts","Если планета в радиусе и не открыта → попадает в discovered | Если уже открыта → не дублируется | Уважается home_system: чужой корабль не может ""увидеть"" чужую home system","Unit-тест: запустить корабль с sensor_range=30, поставить планету в 25 ед → она открывается","Радиус — евклидов. Используется в worker tick_expeditions.",""
"P1-150","EPIC-P1-RES","","M","Resource accrual: lazy compute on read","Сервис computeCurrentResources(planetId): для каждого resource — amount + rate × (now - last_update_at). Не пишет в БД, только возвращает значения. Учитывает cap склада (storage cap).","P1-103","backend/src/features/resources/accrual.ts | backend/src/features/resources/accrual.test.ts","Если last_update = now-3600s, rate=10/h → amount += 10 | Не превышает storage cap | Возвращает массив всех ресурсов планеты","Unit-тест с мок-временем","Это основной паттерн event-based симуляции. Описано в Stellar_Forge_GDD.docx §14.3.",""
"P1-151","EPIC-P1-RES","","M","Resource transactions: spend/gain (атомарно)","Сервис spendResources(planetId, costs[]) и gainResources(planetId, gains[]): транзакция, SELECT FOR UPDATE на planet_resources, обновляет last_update_at. Возвращает {success, balanceAfter} или {success:false, error:""not enough X""}.","P1-150","backend/src/features/resources/transactions.ts | backend/src/features/resources/transactions.test.ts","Параллельные вызовы не приводят к отрицательным значениям | Если не хватает ресурса — транзакция откатывается, ничего не списано | last_update_at синхронизируется со списанием","Stress-тест: 100 параллельных списаний → итоговый баланс корректный","КРИТИЧЕСКАЯ ВЕЩЬ. Любая ошибка тут = дюп ресурсов. Должно быть >=80% покрытие тестами.",""
"P1-152","EPIC-P1-RES","","M","POST /resources/convert — Лёд ⇄ Вода","Эндпоинт принимает {from: ""ice""|""water"", to, amount}. Проверяет наличие Cryogenic Factory или Smelter lvl 3+. Списывает ресурс, начисляет другой с учётом потерь (5% при воде→льду, 0% при льду→воде).","P1-151 | P1-160","backend/src/features/resources/convert.ts | backend/src/features/resources/convert.test.ts","Без Cryogenic Factory → 400 | С Cryo lvl 1 → конвертация работает | Лёд→Вода: 100 льда → 100 воды | Вода→Лёд: 100 воды → 95 льда | Энергия списывается","Integration-тест","См. addendum §2.1.",""
"P1-160","EPIC-P1-BLD","","M","POST /buildings/build — постройка нового здания","Принимает {planetId, typeSlug, slot}. Проверяет: планета принадлежит игроку, есть свободный слот, выполнены deps, хватает ресурсов. Списывает ресурсы, создаёт buildings запись с queue_completes_at = now + base_time, ставит BullMQ job.","P1-151 | P1-104","backend/src/features/buildings/routes.ts | backend/src/features/buildings/service.ts | backend/src/features/buildings/service.test.ts","Если не хватает ресурсов → 400 с деталями | Если слот занят → 400 | Если deps не выполнены → 400 | Успех → возвращает building с queue_completes_at | Очередь стройки лимитирована 1 (без премиума)","Integration-тест полного flow","Все формулы стоимости из Stellar_Forge_GDD.docx §5.2.",""
"P1-161","EPIC-P1-BLD","","M","POST /buildings/{id}/upgrade — апгрейд здания","Аналогично build, но для existing building. Стоимость = base_cost × 1.6^(level-1). Время = base_time × 1.5^(level-1).","P1-160","backend/src/features/buildings/upgrade.ts | backend/src/features/buildings/upgrade.test.ts","Не апгрейдит дальше max_level | Стоимость считается по формуле | queue_action = ""upgrade"", level не меняется до завершения","Integration-тест","—",""
"P1-162","EPIC-P1-BLD","","M","Worker: tick_buildings","BullMQ воркер, бежит каждые 30 секунд. Находит buildings, у которых queue_completes_at ≤ now. Применяет результат: для build — level=1, для upgrade — level+=1. Обновляет regen_rate ресурсов на этой планете (в planet_resources).","P1-161","backend/src/workers/tick-buildings.ts | backend/src/workers/tick-buildings.test.ts","Здание завершается ровно по таймеру (±30 сек) | Скорость добычи на планете обновляется (если это шахта) | Уведомление кладётся в notifications таблицу","Integration-тест: построить здание с base_time=10s, подождать → level=1","Использовать BullMQ repeat-job.",""
"P1-170","EPIC-P1-SHP","","M","POST /ships/build — постройка корабля","Принимает {planetId, typeSlug}. Проверяет: shipyard есть, deps выполнены, ресурсы хватает. Списывает, ставит в очередь верфи. Очередь лимитирована.","P1-151 | P1-105","backend/src/features/ships/build.ts | backend/src/features/ships/build.test.ts","Без shipyard → 400 | Слот верфи занят → 400 | Успех → возвращает ship с status=""building""","Integration-тест","—",""
"P1-171","EPIC-P1-SHP","","M","Worker: tick_ships","BullMQ воркер. Завершает постройку кораблей. Меняет status: building → idle, location_planet_id = where_built.","P1-170","backend/src/workers/tick-ships.ts","Корабль готов в срок | Уведомление в notifications","Integration-тест","—",""
"P1-180","EPIC-P1-EXP","","L","POST /expeditions — отправить корабль","Принимает {shipId, targetX, targetY, targetZ, fuelLoaded, cargoLoaded}. Проверяет: корабль idle, принадлежит игроку, на стартовой планете есть достаточно топлива и груза. Создаёт expedition, ставит ship.status=moving, рассчитывает eta.","P1-170 | P1-151","backend/src/features/expeditions/launch.ts | backend/src/features/expeditions/launch.test.ts","Корабль не idle → 400 | Не хватает топлива → 400 | eta = distance × 60 / speed × engine_factor | BullMQ job на eta запланирован","Integration-тест: запустить scout на 10 ед → видеть expedition с eta","—",""
"P1-181","EPIC-P1-EXP","","L","Worker: tick_expeditions","BullMQ воркер каждые 30 сек. Для всех in_flight expeditions: рассчитывает текущую позицию (linear interp), вызывает checkVisibility, если eta достигнут — переводит в ""arrived"" и стартует возврат (если scout/probe). При возврате — apply результат (planet discovery, cargo unload).","P1-180 | P1-144","backend/src/workers/tick-expeditions.ts | backend/src/workers/tick-expeditions.test.ts","Корабль ""движется"" во времени, видимость обновляется | По прибытии — discovered_planets обновляется (если visibility сработал) | Возвращается в стартовую планету (для scout/cargo-empty), eta удваивается","Integration-тест полного цикла scout → return","Самая сложная логика. Тестировать каждый кейс отдельно.",""
"P1-182","EPIC-P1-EXP","","M","POST /expeditions/jump — межсистемный прыжок","Особый эндпоинт для Jump Ship. Принимает {shipId, targetSector{x,y,z}}. Проверяет: ship.type = jump_ship, есть Jump Fuel в баке, Jump Drive исследован lvl 1+. Lazy-генерит сектор, выбирает целевую систему. После прибытия — добавляет в discovered_systems.","P1-180 | P1-143","backend/src/features/expeditions/jump.ts","Без Jump Drive → 400 | Не Jump Ship → 400 | Не хватает Jump Fuel → 400 | Успех → корабль попадает в общий пул","Integration-тест","См. addendum §3.5-§3.6.",""
"P1-200","EPIC-P1-FE","","M","API client + auth flow","frontend/src/lib/api.ts: единый клиент с автоматической передачей session token из Telegram WebApp SDK. React Query для всех запросов. Auth flow: при загрузке → POST /auth/telegram → сохранить token → GET /me.","P0-004 | P1-122","frontend/src/lib/api.ts | frontend/src/hooks/useAuth.ts | frontend/src/hooks/useMe.ts","При первом запуске игрок авторизован автоматически | Token хранится в memory (НЕ localStorage) | Все запросы автоматически шлют Authorization header","Открыть TMA → видеть данные игрока","Использовать @tanstack/react-query.",""
"P1-201","EPIC-P1-FE","","L","Главный экран: ресурсы + очередь стройки","Основной экран TMA: верх — плашка с балансом ресурсов (с регенерацией в реальном времени через requestAnimationFrame), середина — текущая фокус-планета (схема со зданиями), низ — таб-бар: Planets, Ships, Map, Tech, Profile.","P1-200","frontend/src/pages/Home.tsx | frontend/src/components/ResourceBar.tsx | frontend/src/components/PlanetView.tsx | frontend/src/components/BuildQueue.tsx","Ресурсы тикают в UI (анимированно увеличиваются) | Очередь стройки видна с countdown | Tap на здание → открывает деталь","UI matches описание","Тёмная тема, космический стиль. Tailwind + Lucide icons.",""
"P1-202","EPIC-P1-FE","","M","Экран планеты: слоты и апгрейды","Список зданий планеты + пустые слоты. Tap на слот → диалог выбора здания. Tap на existing → диалог апгрейда с показом стоимости.","P1-201 | P1-160 | P1-161","frontend/src/pages/PlanetDetail.tsx | frontend/src/components/BuildingSlot.tsx | frontend/src/components/UpgradeDialog.tsx","Видны все здания + пустые слоты | Стоимость апгрейда видна заранее | После постройки/апгрейда — оптимистичный UI с rollback при ошибке","Полный flow стройки шахты","—",""
"P1-203","EPIC-P1-FE","","M","Карта домашней системы","Top-down карта Home System на PixiJS. Звезда в центре, планеты на орбитах, открытые — с именами и ресурсами, неоткрытые — ""?"". Маркеры кораблей с траекториями.","P1-201","frontend/src/pages/SystemMap.tsx | frontend/src/components/pixi/SystemRenderer.tsx","Карта рендерится 60fps на mid-tier мобильных | Pan + pinch zoom | Tap на планету → переход на экран планеты","Открыть карту → видеть свою систему","PixiJS v8.",""
"P1-204","EPIC-P1-FE","","M","Экран кораблей + запуск экспедиции","Список кораблей с состоянием. Кнопка «Отправить» → диалог: выбор точки на мини-карте + загрузка топлива + ETA preview.","P1-203 | P1-180","frontend/src/pages/Ships.tsx | frontend/src/components/ExpeditionDialog.tsx","Видно все корабли | Можно запустить scout, видеть его на карте | ETA отсчитывается в реальном времени","Запустить scout → видеть в полёте на карте","—",""
"P1-205","EPIC-P1-FE","","M","Экран исследований (tech tree)","7 веток × 5 уровней. Tap на узел → диалог с деталями + кнопка start. Отображение прогресса.","P1-200 | P1-106","frontend/src/pages/Research.tsx | frontend/src/components/TechTreeNode.tsx","Все ветки видны | Можно начать исследование если хватает ресурсов и lab lvl | Прогресс таймера в реальном времени","Start research → ждать → done","—",""
"P1-206","EPIC-P1-FE","","M","Onboarding tutorial","5 шагов: Welcome → Build first mine → Build storage → Build scout → Send first expedition. Skipable, но ресурсы за выполнение.","P1-201 | P1-202 | P1-204","frontend/src/components/Tutorial.tsx | frontend/src/pages/onboarding/","Запускается на первом входе нового user | Можно скипнуть и вернуться позже | Награда (200 Fe + 100 H₂O) за прохождение","Создать нового user → пройти tutorial → получить награду","—",""
"P1-220","EPIC-P1-BOT","","M","Telegram bot webhook + /start","POST /tg/webhook принимает обновления от Telegram. Команда /start отвечает с inline-кнопкой ""Открыть New Universe"" → запуск Mini App.","P0-010","backend/src/features/bot/webhook.ts | backend/src/features/bot/commands.ts","Webhook настроен | /start работает | Кнопка открывает TMA","В Telegram: /start → видеть кнопку","—",""
"P1-221","EPIC-P1-BOT","","M","Push-уведомления о ключевых событиях","Сервис sendPush(userId, type, payload). Воркер раз в минуту берёт notifications из БД с pending=true и шлёт в Telegram. Для типов: building_done, ship_done, expedition_returned, research_done.","P1-220 | P1-162","backend/src/workers/notifications.ts | backend/src/features/bot/push.ts","После завершения постройки → пуш приходит в Telegram | Notification помечается sent_at | Соблюдается лимит 20 сообщений/мин на user","Построить здание → дождаться → пуш в Telegram","—",""
"P1-240","EPIC-P1-QA","","L","Integration test: full first-day flow","Один большой E2E-тест: создать user → home system сгенерирована → построить шахту → апгрейднуть → построить scout → запустить → дождаться возврата → открыть планету.","P1-181 | P1-162 | P1-171","backend/tests/e2e/first-day.test.ts","Тест проходит за < 30 сек (с ускоренным временем) | Покрывает основные ошибочные пути","`npm run test:e2e` зелёный","Использовать testcontainers если нужен изолированный Postgres.",""
"P1-241","EPIC-P1-QA","","M","Playwright E2E на frontend","Тест: открыть TMA с моком Telegram initData → пройти onboarding → построить шахту → проверить что ресурсы тикают.","P1-206","frontend/tests/e2e/onboarding.spec.ts","Тест проходит","`npx playwright test` зелёный","—",""
"P2-EPIC-COLONIZE","EPIC-P2-OUT","","XL","[Эпик] Колонизация и вторая планета","Колонизатор как корабль, развёртывание новой колонии в Common Pool, синхронизация ресурсов между планетами через Cargo.","P1-181","будут расписаны при разбиении эпика на микротаски","К концу Phase 2 игрок может иметь 2-3 колонии и перевозить груз","—","Разбить на ~10 микротасок при старте Phase 2.",""
"P2-EPIC-RESEARCH","EPIC-P2-OUT","","L","[Эпик] Research lvl 1-3 для всех веток","Полная имплементация tech-веток до 3 уровня + UI прогресса.","P1-205","—","Игрок может пройти любую ветку до lvl 3","—","—",""
"P3-EPIC-MULTIPLAYER-MAP","EPIC-P3-OUT","","XL","[Эпик] Multiplayer карта Common Pool","Видны другие игроки, их колонии, флоты. Глобальный поиск систем. Sector map UI.","P1-182","—","Игрок видит соседей в Sector Map","—","—",""
"P3-EPIC-ALLIANCES","EPIC-P3-OUT","","L","[Эпик] Альянсы (кланы)","Создание альянса, общий банк, чат, карта членов, объявления о войне.","P3-EPIC-MULTIPLAYER-MAP","—","Игроки могут объединяться в альянсы до 30 человек","—","—",""
"P2-COL-001","EPIC-P2-COL","","M","Colonies data model and ownership rules","Add the data model for player colonies outside the home system: colony identity, owner, planet binding, founding timestamp, active/inactive state, and limits per user.","P1-103 | P1-108","backend/src/db/schema/colonies.ts | backend/src/features/colonies/colonies.ts | backend/src/features/colonies/colonies.test.ts","A player can own multiple colonies linked to discovered planets | Home-system planet ownership is still protected from other players | Database constraints prevent duplicate colonies on the same planet for one owner | Migration is generated and reversible in local dev","Run colony model unit tests and inspect the generated migration in Postgres","This is the base contract for all Phase 2 colonization flows.",""
"P2-COL-002","EPIC-P2-COL","","L","Colonizer deployment flow","Implement the backend service and API for deploying a colonizer ship on an eligible discovered planet in the common pool.","P2-COL-001 | P1-170 | P1-182","backend/src/features/colonies/found-colony.ts | backend/src/routes/colonies.ts | backend/src/features/colonies/found-colony.test.ts","Only colonizer ships can found a colony | Target planet must be discovered by the player and outside protected foreign home systems | Ship is consumed or converted according to the GDD rule chosen in implementation notes | Founding creates a colony and a level 1 command center","API test: build colonizer, jump to discovered planet, found a colony, verify colony state","If GDD is ambiguous, prefer consuming the colonizer to avoid duplication exploits.",""
"P2-COL-003","EPIC-P2-COL","","M","Colony bootstrap economy","Define the starting resource, storage, and building state for a newly founded colony so it can become useful without breaking early-game balance.","P2-COL-002 | P1-150 | P1-160","backend/src/features/colonies/bootstrap.ts | backend/src/config/colony-bootstrap.ts | backend/src/features/colonies/bootstrap.test.ts","New colony starts with configured minimal storage and command center | No resource is created unless explicitly defined by bootstrap config | Bootstrap values are versioned and test-covered | Colony cannot immediately create infinite resource loops with home planet","Unit test creates a colony and asserts resource/storage/building state","Keep config centralized so balance can change without rewriting services.",""
"P2-COL-004","EPIC-P2-COL","","L","Interplanetary cargo transfer API","Add API and service logic for sending resources between player-owned planets through cargo ships.","P2-COL-001 | P1-151 | P1-170","backend/src/features/logistics/cargo-transfer.ts | backend/src/routes/cargo.ts | backend/src/features/logistics/cargo-transfer.test.ts","Player can transfer resources only between owned colonies/planets | Cargo capacity and travel time are enforced | Resources are reserved atomically at departure | Cancelled/failed transfers cannot duplicate resources","API test sends cargo from home planet to colony and verifies reserved resources","Use the same resource transaction primitives from P1-151.",""
"P2-COL-005","EPIC-P2-COL","","M","Cargo route worker","Implement a worker that completes cargo transfers, applies delivered resources, and records failures safely.","P2-COL-004 | P1-221","backend/src/workers/cargo-routes.ts | backend/src/features/logistics/cargo-route-worker.test.ts","Completed transfer adds cargo to destination exactly once | Worker is idempotent when run repeatedly | Late or failed transfers are visible for debugging | Notifications can be emitted after delivery","Worker test advances time and verifies one-time delivery","Design for retry safety before optimizing throughput.",""
"P2-COL-006","EPIC-P2-COL","","M","Colony management UI","Add frontend screens for viewing colonies, switching active planet, and initiating cargo transfers.","P2-COL-004 | P1-201","frontend/src/pages/Colonies.tsx | frontend/src/components/CargoTransferDialog.tsx | frontend/src/hooks/useColonies.ts","Player can see all owned colonies and their core resources | Player can switch focus between planets | Cargo transfer dialog shows capacity, ETA, and validation errors | UI handles empty colony state cleanly","Manual/UI test: view colony list and start a cargo transfer","Keep UI dense and mobile-first for Telegram Mini App.",""
"P2-COL-007","EPIC-P2-COL","","M","Colonization constraints and cost balance","Define and enforce costs, cooldowns, max colony count, distance limits, and required tech/building gates for colonization.","P2-COL-002 | P2-RES-003","backend/src/config/colonization-rules.ts | backend/src/features/colonies/colonization-rules.ts | frontend/src/components/ColonizationRequirements.tsx","Colonization rules are declared in a typed config | Backend validates all gates before founding | Frontend can display why colonization is blocked | Balance numbers are documented for future tuning","Tests cover allowed and blocked colonization attempts","Prefer conservative limits until telemetry exists.",""
"P2-COL-008","EPIC-P2-COL","","L","Colonization end-to-end scenario","Add an automated scenario covering first colony discovery, colonizer build, colonization, and first cargo transfer.","P2-COL-006 | P2-COL-007","backend/tests/e2e/colonization.test.ts | frontend/tests/e2e/colonization.spec.ts","E2E scenario passes against local stack | Scenario covers at least one blocked colonization attempt | Scenario verifies no resource duplication during transfer | Test runtime remains acceptable for CI","Run backend and frontend colonization E2E tests","Use accelerated time hooks if workers would otherwise make CI too slow.",""
"P2-RES-001","EPIC-P2-RES","","M","Research effects engine","Implement a typed effects engine that applies research bonuses to production, storage, ship speed, sensor range, and build times.","P1-106 | P1-150","backend/src/features/research/effects.ts | backend/src/features/research/effects.test.ts","Effects are typed and testable | Multiple research bonuses compose deterministically | Backend services consume effects through a single API | No frontend-only bonus calculation is trusted","Unit tests verify stacked effects for resources and ships","This is the foundation for all research upgrades.",""
"P2-RES-002","EPIC-P2-RES","","M","Tech catalog levels 1-3","Expand the seeded research catalog to levels 1-3 for all planned Phase 2 branches.","P2-RES-001","backend/src/db/seed/research.ts | backend/src/config/research-catalog.ts","Each branch has levels 1-3 with cost and duration | Seeder is idempotent | Catalog includes ru/en names and descriptions | Catalog entries reference typed effects","Seed database and verify expected research count and effects","Use conservative effects until balance telemetry exists.",""
"P2-RES-003","EPIC-P2-RES","","M","Research unlock gates","Implement gates that unlock buildings, ships, colonization, and cargo capacity based on completed research.","P2-RES-002 | P1-160 | P1-170","backend/src/features/research/gates.ts | frontend/src/components/RequirementList.tsx | backend/src/features/research/gates.test.ts","Backend validates unlock gates for gated actions | Frontend can display missing research requirements | Research dependencies are stored in catalog config | Tests cover blocked and allowed actions","Tests confirm locked ship/building/colonization actions are rejected","This connects research to actual progression rather than just timers.",""
"P2-RES-004","EPIC-P2-RES","","M","Research completion worker and effect cache invalidation","Add worker logic for completing research, applying unlock state, and invalidating any cached effect snapshots.","P2-RES-001 | P1-221","backend/src/workers/research.ts | backend/src/features/research/completion.ts | backend/src/features/research/completion.test.ts","Research transitions to completed exactly once | Effects are available immediately after completion | Player notification is created if notifications are enabled | Worker is retry-safe","Worker test advances research and verifies effects become active","Avoid caching until needed; if cached, invalidate explicitly.",""
"P2-RES-005","EPIC-P2-RES","","M","Research UI levels 1-3","Upgrade the research UI to show full level 1-3 branches, requirements, effects, and real-time progress.","P2-RES-003 | P1-205","frontend/src/pages/Research.tsx | frontend/src/components/TechTreeNode.tsx | frontend/src/hooks/useResearch.ts","All available research branches and levels are visible | Locked nodes explain missing requirements | Completed research shows applied effects | Starting research updates UI optimistically with safe rollback","Manual/UI test starts and completes one level 2 research path","Keep rendering light enough for mobile Telegram webview.",""
"P2-POL-001","EPIC-P2-POL","","M","Economy balance simulator","Create a deterministic simulator for first-day and first-week resource, building, ship, research, and colonization progression.","P2-COL-007 | P2-RES-002","tools/balance-sim/ | tools/balance-sim/scenarios/first-week.json","Simulator can run without external services | Outputs key timings and bottleneck resources | Scenario fixtures cover beginner and optimized paths | Results are saved as artifacts for comparison","Run balance simulator and compare generated summary to expected ranges","This is a design safety tool, not gameplay code.",""
"P2-POL-002","EPIC-P2-POL","","S","Content and seed consistency audit","Add a repeatable audit that validates catalog seeds, resource ids, building ids, ship ids, and research ids against GDD-derived expectations.","P2-RES-002 | P1-104 | P1-105","backend/src/db/seed/audit.ts | backend/src/db/seed/audit.test.ts","Audit fails on missing or duplicate catalog ids | Audit verifies every user-facing catalog item has ru/en names | Audit checks resource tier consistency | Audit can run in CI","Run seed audit test suite","This prevents silent content drift as more phases are added.",""
"P2-POL-003","EPIC-P2-POL","","L","Phase 2 regression suite","Create a regression suite covering P2 colonization, research, and cargo flows together.","P2-COL-008 | P2-RES-005","backend/tests/e2e/phase2-regression.test.ts | docs/testing/phase2-regression.md","Suite covers one full expansion path from research completion to first colony cargo transfer | Suite validates no resource duplication across colony cargo transfer | Suite is documented for local and CI execution | Failures point to the responsible feature area","Run Phase 2 regression suite locally","This is the gate before breaking down P3 into fine-grained implementation tasks.",""
"P3-MAP-001","EPIC-P3-MAP","","L","Shared sector presence model","Define how player-owned colonies and fleets become visible in common sectors without exposing protected home-system data.","P2-COL-008 | P1-144","backend/src/db/schema/multiplayer.ts | backend/src/features/multiplayer/presence.ts | docs/multiplayer/visibility.md","Presence model distinguishes home, colony, fleet, and public sector entities | Visibility rules are explicit and testable | Data model supports multiple players in one sector | No private home-system entity leaks to another player","Visibility tests with two players in the same sector","This is a roadmap task; refine after P2 regression is stable.",""
"P3-MAP-002","EPIC-P3-MAP","","L","Sector map multiplayer UI","Add a sector map UI layer that can show other player colonies, visible fleets, neutral systems, and local player assets.","P3-MAP-001 | P1-203","frontend/src/pages/SectorMap.tsx | frontend/src/components/pixi/SectorRenderer.tsx","Map distinguishes local, neutral, and other-player entities | Entity details respect visibility permissions | UI remains usable on mobile | Unknown entities are represented without leaking hidden data","Manual/UI test with fixture sector containing two players","Use PixiJS patterns from home system map.",""
"P3-ALL-001","EPIC-P3-ALL","","L","Alliance membership model","Add alliance creation, membership, roles, invitations, and basic permissions.","P2-POL-003","backend/src/db/schema/alliances.ts | backend/src/features/alliances/membership.ts | backend/src/routes/alliances.ts","Player can create an alliance | Player can invite, accept, leave, and remove members according to role | Alliance size limit is enforced | Membership changes are auditable","API tests cover create, invite, accept, kick, and leave","Keep diplomacy simple until real multiplayer traffic exists.",""
"P3-ALL-002","EPIC-P3-ALL","","M","Alliance bank and permissions","Add a shared alliance bank with deposit/withdraw permissions and basic transaction logs.","P3-ALL-001 | P1-151","backend/src/features/alliances/bank.ts | frontend/src/pages/AllianceBank.tsx","Members can deposit allowed resources | Only permitted roles can withdraw | All transactions are logged | Bank actions cannot bypass storage/resource transaction safety","API tests cover deposit/withdraw permission paths","No automated alliance trading in this task.",""
"P4-DEP-001","EPIC-P4-DEPLOY","","L","Production environment plan","Document and implement the target production topology for backend, frontend, worker, Postgres, Redis, secrets, and domains.","P2-POL-003","docs/production/environment.md | infra/production/README.md","Production topology is documented with service responsibilities | Secrets strategy is documented and excludes repo storage | Deployment target and rollback approach are chosen | Open infrastructure costs are estimated","Production plan review checklist is completed","Do this before writing irreversible deployment automation.",""
"P4-DEP-002","EPIC-P4-DEPLOY","","L","Deployment pipeline and release workflow","Create CI/CD workflow for production deploys, migrations, release tagging, and rollback documentation.","P4-DEP-001 | P0-006",".github/workflows/deploy.yml | docs/production/release-workflow.md","Deploy pipeline runs from protected branch or manual approval | Database migrations are handled safely | Release tag and changelog are generated | Rollback procedure is documented and tested in staging","Run staging deployment and rollback drill","Do not deploy production directly before staging succeeds.",""
"P4-OPS-001","EPIC-P4-OPS","","M","Monitoring dashboards and alerts","Define metrics, logs, alerts, and dashboards for API health, worker queues, database, Redis, Telegram bot, and user-facing errors.","P4-DEP-001 | P0-007 | P0-008","docs/production/observability.md | backend/src/lib/metrics.ts","Critical alerts exist for API down, worker stuck, DB unavailable, queue backlog, and high error rate | Dashboard shows key service health | Runbook links are attached to alerts | Alert thresholds are documented","Trigger test alert and verify runbook path","Start pragmatic; avoid over-instrumentation before launch.",""
"P4-OPS-002","EPIC-P4-OPS","","M","Backups and restore drill","Implement and document database backup, restore, retention, and verification process.","P4-DEP-001","docs/production/backups.md | infra/production/backup-checklist.md","Backup schedule and retention are documented | Restore process works in staging | Restore drill captures RPO/RTO | Secrets and PII handling are documented","Run staging restore drill from backup artifact","A backup that has not been restored is not considered valid.",""
"P4-SEC-001","EPIC-P4-SEC","","L","Security hardening and abuse limits","Audit and harden auth, Telegram initData validation, rate limits, request validation, secret handling, and write endpoints.","P1-120 | P2-POL-003","docs/security/launch-checklist.md | backend/src/lib/rate-limit.ts | backend/src/lib/security.ts","All public mutation endpoints have rate limits and validation | Telegram auth cannot be replayed outside accepted rules | Secrets are loaded from production secret storage | Security checklist is documented and reviewed","Run security checklist and endpoint validation tests","This is a launch gate, not optional polish.",""
"P4-SEC-002","EPIC-P4-SEC","","M","Economy exploit and anti-cheat review","Add tests and review notes for resource duplication, clock abuse, repeated worker execution, and cargo settlement exploits.","P2-POL-003","docs/security/economy-exploits.md | backend/tests/security/economy-exploits.test.ts","Known exploit classes have regression tests or documented mitigations | Worker idempotency is verified for critical paths | Cargo/resource loops are reviewed | Risk register is updated with accepted risks","Run economy exploit regression suite","This should happen before any real-money monetization.",""
"P4-ANA-001","EPIC-P4-ANALYTICS","","M","Product analytics event taxonomy","Define and implement core product analytics events for onboarding, retention, building, ships, research, expeditions, and monetization.","P1-206 | P2-POL-003","docs/analytics/events.md | frontend/src/lib/analytics.ts | backend/src/lib/analytics.ts","Analytics event taxonomy is documented | Events include stable names and safe properties | No sensitive Telegram data is sent unnecessarily | Frontend and backend emit critical events consistently","Run local analytics sink and verify core events","Analytics is required for balance and retention decisions.",""
"P4-MON-001","EPIC-P4-MON","","L","Monetization and Telegram policy readiness","Define launch-safe monetization surfaces, Telegram policy constraints, purchase flow boundaries, and non-pay-to-win guardrails.","P4-ANA-001 | P4-SEC-001","docs/product/monetization.md | docs/product/telegram-policy-checklist.md","Monetization design is documented and mapped to Telegram requirements | No paid flow is implemented without policy review | Economy impact and abuse risks are documented | Implementation tasks can be created from the approved plan","Complete monetization readiness review checklist","Keep this as design/readiness until the game loop is validated.",""
"P5-LIVE-001","EPIC-P5-LIVE","","M","Live ops calendar and event framework","Create the framework for scheduled live events, modifiers, announcements, and rollback/disable switches.","P4-DEP-002 | P4-ANA-001","docs/liveops/events.md | backend/src/features/liveops/events.ts | frontend/src/components/LiveEventBanner.tsx","Event calendar format is documented | Events can be enabled/disabled without deployment | Announcements can be shown in TMA and bot | Rollback path is documented","Enable a test event locally and verify UI/banner state","Live ops begins after launch readiness, not before core stability.",""
"P5-CONT-001","EPIC-P5-CONTENT","","M","Content pack pipeline","Define how new resources, buildings, ships, research, events, and localized text are added safely after launch.","P2-POL-002 | P5-LIVE-001","docs/content/content-packs.md | tools/content-validate/","Content pack format is documented | Validation catches missing localization and invalid ids | Content can be reviewed before enabling | Rollback process exists for bad content","Validate a sample content pack with intentional errors","This reduces risk when the game starts receiving ongoing content.",""
"P5-BAL-001","EPIC-P5-BALANCE","","M","Balance review loop and telemetry dashboard","Create the recurring balance review process using analytics, economy simulator outputs, retention data, and player progression metrics.","P2-POL-001 | P4-ANA-001","docs/liveops/balance-loop.md | tools/balance-sim/reports/","Balance review checklist exists | Telemetry dashboard tracks progression bottlenecks | Simulator scenarios can be compared between balance versions | Changes produce documented before/after notes","Run a sample balance review using synthetic telemetry","This is the process that keeps the game maintainable after launch.",""
"P5-SUP-001","EPIC-P5-SUPPORT","","M","Support and admin runbook","Document support workflows for player lookup, issue triage, refunds/compensation policy, incident response, and safe admin actions.","P4-OPS-001 | P4-SEC-001","docs/support/runbook.md | docs/support/admin-actions.md","Support runbook covers common player issues | Admin actions require audit logs or manual log procedure | Compensation policy is documented | Incident response path is clear","Run tabletop incident/support scenario against the runbook","Do not expose admin tools before audit and permission rules exist.",""
"P2-EPIC-POLISH","EPIC-P2-POL","","L","[Эпик] Phase 2 balance, polish, and regression gate","Top-level Phase 2 gate that groups economy simulation, content audit, and regression work required before the roadmap should proceed into detailed Phase 3 execution.","P2-POL-001 | P2-POL-002 | P2-POL-003","tasks/ROADMAP_COVERAGE_MATRIX.md | docs/testing/phase2-regression.md | tools/balance-sim/","P2 balance simulator produces a reviewable first-week report | Content audit passes against catalog and localization expectations | Phase 2 regression suite passes locally and is documented | Known P2 tuning risks are recorded before Phase 3 task breakdown","Review Phase 2 completion gate evidence in ROADMAP_COVERAGE_MATRIX.md","This is an epic issue for Project navigation, not a separate implementation module.",""
"P4-EPIC-LAUNCH","EPIC-P4-DEPLOY","","XL","[Эпик] Production launch readiness","Top-level launch readiness gate covering production deployment, observability, backups, security hardening, analytics, and monetization policy readiness.","P4-DEP-002 | P4-OPS-001 | P4-OPS-002 | P4-SEC-001 | P4-ANA-001 | P4-MON-001","docs/production/ | docs/security/ | docs/analytics/ | docs/product/","Staging deployment and rollback workflow are proven | Monitoring, alerting, and backup restore drill are complete | Security and abuse-prevention checklists pass | Analytics and monetization readiness documents are reviewed","Complete launch readiness checklist and link all evidence in the issue","Keep this epic open until production launch is genuinely ready.",""
"P5-EPIC-LIVEOPS","EPIC-P5-LIVE","","L","[Эпик] Live operations readiness","Top-level post-launch operations gate covering events, content packs, balance review, and support/admin runbooks.","P5-LIVE-001 | P5-CONT-001 | P5-BAL-001 | P5-SUP-001","docs/liveops/ | docs/content/ | docs/support/ | tools/content-validate/","Live event framework can be enabled and disabled safely | Content pack validation catches bad content before rollout | Balance review loop has simulator and telemetry inputs | Support/admin runbook is usable for incident and player-support scenarios","Complete live-ops readiness review and link evidence in the issue","This epic starts after launch readiness and remains the umbrella for ongoing live work.",""
"P1.1-300","EPIC-P1.1-FIX","","M","Внедрить новый дизайн Cosmic Atlas (Planet System.html)","Перевести фронтенд (Home, PlanetDetail, Research, Ships, SystemMap, BuildDialog, UpgradeDialog, BuildQueue, ResourceBar, BuildingSlot, PlanetView) на новый визуальный язык из design-bundle/project/New Universe - Planet System.html: токены (var(--bg-deep), var(--accent), фонты Space Grotesk / IBM Plex Mono / Manrope), биом-SVG для 7 классов планет, единый набор иконок 10 типов построек, top resource bar с %-баром, planet rail, queue strip, единый bottom-nav на всех экранах.","P1-201 | P1-202 | P1-203 | P1-204 | P1-205","frontend/index.html | frontend/src/index.css | frontend/src/components/cosmic/atoms.tsx | frontend/src/components/cosmic/planets.tsx | frontend/src/components/cosmic/buildings.tsx | frontend/src/components/cosmic/resources.ts | frontend/src/components/{BuildDialog,UpgradeDialog,BuildQueue,BuildingSlot,PlanetView,ResourceBar}.tsx | frontend/src/pages/{Home,PlanetDetail,Research,Ships,SystemMap}.tsx","В index.css определены CSS-переменные дизайна; index.html подгружает шрифты | frontend/src/components/cosmic/* содержит общие атомы (CosmicTopBar, PlanetPortrait, PlanetRail, BuildSlot, QueueStrip, CosmicBottomNav, CosmicBackground) | Home, PlanetDetail, Research, Ships, SystemMap используют общий цветовой/типографический токен-сет и фон со звёздами | Все эмодзи-плейсхолдеры (🌍 ⛏️ ⚡ 🏭) заменены на SVG-компоненты | tsc --noEmit и eslint без новых ошибок","cd frontend && npm run build (после npm install) — должен пройти без ошибок; визуальная проверка PlanetDetail/Home в Telegram dev frame.","Дизайн-бандл лежит в design-bundle/. Для оставшихся 2 направлений (Operator HUD, Stellar Cartograph) тема перенесена через CSS-переменные, переключение между темами — задача более позднего эпика.",""
"P1.1-301","EPIC-P1.1-FIX","","S","Согласовать research_lab ↔ lab между фронтендом и бэкендом","В backend/src/features/research/data.ts и routes.ts требования всех уровней tech-tree указывают typeId 'research_lab', но в каталоге зданий (backend/src/db/seed/building-types.ts) такого id нет — есть 'lab'. Из-за этого реальный игрок не сможет начать ни одно исследование, потому что labReq.find(...) всегда вернёт несуществующее здание. Привести оба слоя к единому id ('lab') и обновить тесты.","P1-205","backend/src/features/research/data.ts | backend/src/features/research/routes.ts | backend/src/features/research/research.test.ts | frontend/src/lib/tech-tree.ts | frontend/src/pages/Research.tsx","В backend/src/features/research/{data.ts,routes.ts} вместо 'research_lab' используется 'lab' | frontend/src/lib/tech-tree.ts использует 'lab' (или резолвер resolveBuildingType, который уже мапит legacy-id) | frontend/src/pages/Research.tsx читает уровень здания корректно и для legacy-документов | Тесты backend/src/features/research/research.test.ts проходят зелёным после правки и не используют research_lab | Никаких поисков по research_lab в репозитории кроме миграционных комментариев","rg -n 'research_lab' backend frontend → нет совпадений; backend tests на research зелёные.","На время миграции resolveBuildingType (frontend) уже обрабатывает alias 'research_lab' → 'lab' для безопасного рендера старых данных, но это не заменяет согласование на бэкенде.",""
"P1.1-302","EPIC-P1.1-FIX","","S","Заменить power_plant на solar_plant во фронтенд-плейсхолдерах","BuildingSlot.tsx и BuildDialog.tsx (legacy) показывали ⚡ для зданий с typeId 'power_plant'. Бэкенд таких зданий не имеет — есть только 'solar_plant'. Удалить упоминания 'power_plant' и любые другие плейсхолдер-id, не существующие в каталоге.","P1-202","frontend/src/components/cosmic/buildings.tsx | frontend/src/components/BuildDialog.tsx | frontend/src/components/BuildingSlot.tsx","rg -n 'power_plant' frontend → нет совпадений | Иконки построек берутся из shared resolveBuildingType → BUILDING_BY_TYPE, без хардкоженых эмодзи | Юнит-тест на resolveBuildingType с unknown id возвращает дефолт","grep -r power_plant frontend/src → пусто; ручная проверка экрана PlanetDetail с пустым/занятым слотом.","Уже выполнено в рамках P1.1-300, но оформлено отдельной задачей для прозрачности.",""
"P1.1-303","EPIC-P1.1-FIX","","M","Согласовать ресурсы tech-tree с каталогом ресурсов (metal/crystal/deuterium)","Стоимости в backend/src/features/research/data.ts (и копия в frontend/src/lib/tech-tree.ts) указаны в ресурсах metal, crystal, deuterium. Этих id нет в backend/src/db/seed/resources.ts (есть iron, silicon, water, methane, copper, aluminum, titanium, ice, sulfur, mercury, magnesium, lead, uranium, cobalt, silicon_carbide, tritium, antimatter, dark_matter, iridium, biomass). Из-за этого spend() при старте исследования ломается. Привести стоимости к актуальному каталогу (например iron вместо metal, silicon вместо crystal, tritium вместо deuterium) и обновить тесты.","P1-205 | P1.1-301","backend/src/features/research/data.ts | backend/src/features/research/research.test.ts | frontend/src/lib/tech-tree.ts | shared/types/research.ts","Все ResearchDefinition.cost содержат только id из таблицы resources | В backend/src/features/research/research.test.ts корректно тестируется списание ресурсов | frontend/src/lib/tech-tree.ts синхронизирован с backend (или импортирует из shared)","rg -n 'metal|crystal|deuterium' backend/src frontend/src → только в комментариях/миграциях; backend тесты зелёные.","Уместно вынести единый источник правды tech-tree в shared/data/research.ts, чтобы в будущем не плодились копии.",""
"P1.1-304","EPIC-P1.1-FIX","","M","Заполнить tech-tree до 7×5 уровней (acceptance P1-205)","Acceptance criteria P1-205 требуют 7 веток × 5 уровней = 35 определений. Сейчас в backend/src/features/research/data.ts всего 10 записей. Дополнить недостающими уровнями (mining 3-5, engineering 2-5, engines 2-5, weapons 2-5, sensors 2-5, logistics 2-5, jump_drive 2-5) с разумной кривой стоимости/времени.","P1.1-303","backend/src/features/research/data.ts | frontend/src/lib/tech-tree.ts | shared/types/research.ts","Все 35 ResearchDefinition присутствуют в backend и совпадают с frontend | Стоимости и время растут монотонно по уровню | Каждая ветка level ≥ 2 имеет research-зависимость на свой предыдущий уровень | UI Research.tsx показывает все 7 строк и узлов","Скрипт: загрузить data.ts и убедиться, что count by branch == 5 и общее число == 35. UI smoke-тест: нет пустых узлов.","Можно сгенерировать прогрессии формулой cost[L]=cost[1]*1.6^(L-1), time[L]=time[1]*2^(L-1).",""
"P1.1-305","EPIC-P1.1-FIX","","S","Исправить ResourceBar: regenRate в /h, реальная capacity","Старая ResourceBar делала currentAmount + regenRate * deltaSeconds, но backend хранит regenRate в единицах /h. Это приводило к в 3600 раз более быстрому росту в UI. Кроме того, capacity (cap) была равна текущему amount — бар прогресса всегда показывал 100%. Подтянуть regenRate /h и реальный storageCap (либо из /me, либо из /planets/{id}/resources).","P1-150 | P1-201","backend/src/features/resources/routes.ts | backend/src/features/auth/me.ts | frontend/src/components/ResourceBar.tsx | shared/types/world.ts","ResourceBar делит regenRate на 3600 при per-frame инкременте | В payload /me и /planets/{id}/resources есть поле storageCap, которое отображается в .rchip-bar | Юнит-тест: при regenRate=60/h за 1 сек amount растёт на ~0.0167 | Бар-индикатор переходит в amber при ≥85% заполнения","Открыть PlanetDetail на 1 минуту: amount должен расти примерно на regenRate/60, не на regenRate*60.","В P1.1-300 уже реализовано деление /3600 во фронтенде; cap пока эвристический — этот таск завершает работу подтягиванием реального cap из API.",""
"P1.1-306","EPIC-P1.1-FIX","","S","Сделать клик по зданию на Home → переход в PlanetDetail к этому зданию","Acceptance P1-201: «Tap на здание → открывает деталь». Сейчас PlanetView.tsx переходит на /planet/:id, но не подсвечивает выбранный слот и не открывает UpgradeDialog. Передавать ?slot=N в роутере и автоматически открывать UpgradeDialog/BuildDialog в PlanetDetail.","P1-201 | P1.1-300","frontend/src/components/PlanetView.tsx | frontend/src/pages/PlanetDetail.tsx","Tap по filled-слоту на Home открывает PlanetDetail и сразу UpgradeDialog для этого здания | Tap по empty-слоту на Home открывает PlanetDetail и сразу BuildDialog для этого слота | URL содержит ?slot=N для возможности deep-link","Manual: на Home tap по слоту с шахтой → открыт диалог апгрейда шахты.","Сейчас в коде PlanetView просто navigate(`/planet/${id}`) без slot.",""
"P1.1-307","EPIC-P1.1-FIX","","M","Onboarding tutorial (P1-206) — был не реализован","Изначальный P1-206 (5-шаговый туториал Welcome → mine → storage → scout → expedition) не был реализован лёгкой моделью. После редизайна реализовать как overlay поверх Cosmic Atlas: список шагов слева, текущая подсказка как тост, награда 200 Fe + 100 H₂O при завершении. Skipable с возможностью вернуться позже из профиля.","P1-150 | P1-160 | P1-180","backend/src/db/schema/users.ts | backend/src/features/auth/me.ts | backend/src/features/tutorial/routes.ts | frontend/src/pages/Onboarding.tsx | frontend/src/App.tsx","Запускается на первом входе нового user (по флагу tutorialCompletedAt в users) | 5 шагов: Welcome, Build first mine, Build storage, Build scout, Send first expedition | Кнопка Skip; после Skip туториал доступен из экрана Profile/You | При прохождении начисляется бонус 200 Fe + 100 H₂O атомарно (через resource-transaction) | Tutorial state хранится в БД (users.tutorialStepCompleted, users.tutorialCompletedAt)","E2E: новый пользователь, /me возвращает tutorialStep=0, после прохождения — completed + бонус, повторный вход не открывает туториал.","Это одна из двух явно отложенных задач, на которую ссылается заказчик.",""
"P1.1-308","EPIC-P1.1-FIX","","M","Playwright E2E на новый дизайн (P1-241 финализация)","P1-241 был отмечен как done с минимальным smoke-тестом. После редизайна Cosmic Atlas обновить E2E чтобы проверял: загрузку Home, переход на PlanetDetail, открытие BuildDialog, выбор шахты, появление в queue strip, переход на Research, Ships, SystemMap. Все ассерты на data-testid атрибуты, не на DOM-структуру.","P1-241 | P1.1-300","frontend/tests/e2e/*.spec.ts | frontend/playwright.config.ts | frontend/src/components/cosmic/atoms.tsx","Все ключевые экраны имеют data-testid: cosmic-topbar, planet-portrait, planet-rail, slot-{idx}, queue-strip, bnav-{id} | tests/e2e/first-day.spec.ts проходит зелёным end-to-end | CI запускает Playwright против собранного frontend (npm run build && npm run preview)","npm run test:e2e — pass.","Вторая из двух явно отложенных задач.",""
"P1.1-309","EPIC-P1.1-FIX","","S","Profile-таб и dummy /profile роут","Bottom-nav имеет 5 пунктов, последний — You/Profile. Сейчас /profile роута нет; навигация ведёт в 404 (BrowserRouter без catch-all). Добавить минимальный экран Profile (Telegram-аватар, ник, sectorX:Y:Z, статистика, ссылка на туториал) и зарегистрировать в App.tsx.","P1-200 | P1.1-300","frontend/src/pages/Profile.tsx | frontend/src/App.tsx | frontend/src/components/cosmic/atoms.tsx","Маршрут /profile рендерит ProfilePage в Cosmic Atlas стиле | Bottom-nav 'You' → /profile | При отсутствии данных показывается заглушка вместо краша","Tap на 'You' → Profile открывается, не 404.","Лёгкий первый шаг — расширение в P2.",""
